-0.158570,-0.251142,-0.332717
-0.138019,-0.414750,-0.142709
-0.156901,-0.211690,-0.254415
-0.184262,-0.347369,-0.033362
-0.227198,-0.083169,-0.225790
-0.323508,-0.223618,0.100442
-0.255167,-0.038995,0.241952
-0.186328,0.199460,0.163276
-0.189897,-0.405342,0.164612
-0.267881,-0.325417,0.304200
-0.227112,-0.192106,0.367353
-0.265320,0.117803,0.093828
-0.183868,0.157321,-0.127807
-0.263297,0.032561,-0.132211
-0.371600,0.154762,0.045950
-0.429723,0.221254,-0.039494
-0.422548,0.151545,-0.121010
-0.378962,0.076434,-0.059964
0.000000,-0.021424,0.289889
0.000000,-0.188585,0.390227
-0.000000,-0.450750,-0.039090
0.000000,-0.411434,0.031535
0.000000,-0.427095,0.177239
0.000000,-0.345438,0.341765
0.000000,0.233041,0.175017
0.000000,0.305017,0.034659
-0.000000,-0.200965,-0.402804
-0.000000,-0.175704,-0.313315
-0.000000,-0.029461,-0.328169
-0.000000,0.191800,-0.210649
-0.000000,0.286427,-0.083080
-0.164137,0.399753,-0.040564
-0.205392,0.386358,0.039487
-0.153588,0.405934,0.008722
-0.220957,0.376291,-0.016892
-0.116570,0.309884,-0.050442
-0.086289,0.282834,-0.061458
-0.172314,0.291739,0.059286
-0.161857,0.261965,0.077873
-0.079099,0.293150,0.021510
-0.104301,0.316859,0.014903
-0.220293,0.225808,0.011902
-0.198832,0.263644,-0.027781
-0.184769,0.233662,-0.076987
-0.280065,0.233067,-0.039828
0.158570,-0.251142,-0.332717
0.138019,-0.414750,-0.142709
0.156901,-0.211690,-0.254415
0.184262,-0.347369,-0.033362
0.227198,-0.083169,-0.225790
0.323508,-0.223618,0.100442
0.255167,-0.038995,0.241952
0.186328,0.199460,0.163276
0.189897,-0.405342,0.164612
0.267881,-0.325417,0.304200
0.227112,-0.192106,0.367353
0.265320,0.117803,0.093828
0.183868,0.157321,-0.127807
0.263297,0.032561,-0.132211
0.371600,0.154762,0.045950
0.429723,0.221254,-0.039494
0.422548,0.151545,-0.121010
0.378962,0.076434,-0.059964
0.164137,0.399753,-0.040564
0.205392,0.386358,0.039486
0.153588,0.405934,0.008722
0.220957,0.376291,-0.016892
0.116570,0.309884,-0.050442
0.086289,0.282834,-0.061458
0.172314,0.291739,0.059286
0.161857,0.261965,0.077873
0.079099,0.293150,0.021510
0.104301,0.316859,0.014903
0.220293,0.225808,0.011902
0.198832,0.263644,-0.027781
0.184769,0.233662,-0.076987
0.280065,0.233067,-0.039828
-0.147553,-0.376510,-0.104168
-0.192194,-0.270998,-0.158619
-0.148613,-0.239316,-0.286269
-0.170469,-0.334691,-0.241840
-0.170118,-0.306771,-0.200424
-0.272512,-0.289538,0.027536
-0.292027,-0.145423,-0.068590
-0.192869,-0.156908,-0.243764
-0.247315,-0.217562,-0.118410
-0.195819,-0.386500,0.090805
-0.236246,-0.382075,0.228264
-0.321200,-0.286254,0.227211
-0.275733,-0.346458,0.149446
-0.260572,-0.250293,0.354437
-0.248689,-0.140697,0.326137
-0.315934,-0.137593,0.171950
-0.311510,-0.207549,0.287778
-0.271048,0.033368,0.141836
-0.283076,0.041808,-0.015047
-0.237441,-0.008842,-0.178563
-0.291671,-0.046335,0.004253
-0.215358,0.081105,-0.162700
-0.321537,0.050828,-0.086355
-0.418924,0.105365,-0.101995
-0.325721,0.151663,-0.126554
-0.325489,0.085073,-0.130285
-0.314027,0.144604,0.064242
-0.379459,0.108574,0.006948
-0.316319,0.079036,0.003764
-0.414637,0.199691,0.013164
-0.452868,0.196262,-0.092306
-0.449964,0.155179,-0.042838
-0.000000,-0.198004,-0.344224
-0.094166,-0.209727,-0.386397
-0.087563,-0.182441,-0.302052
-0.085645,-0.205552,-0.332132
-0.000000,-0.118739,-0.323814
-0.123089,-0.041772,-0.303806
-0.105434,-0.125993,-0.307557
0.000000,0.112017,0.233712
-0.104150,0.223419,0.171200
-0.212553,0.100118,0.210288
-0.135345,-0.023738,0.283498
-0.120937,0.107357,0.228372
0.000000,-0.115166,0.349876
-0.138312,-0.188536,0.386106
-0.137973,-0.117234,0.345674
-0.000000,-0.423659,-0.010224
-0.093168,-0.398748,0.012327
-0.076303,-0.447331,-0.068137
-0.083341,-0.414332,-0.036121
0.000000,-0.421329,0.095740
-0.113986,-0.422363,0.172301
-0.102308,-0.412816,0.087122
0.000000,-0.401375,0.265591
-0.151824,-0.342232,0.336140
-0.136108,-0.398362,0.259796
0.000000,-0.268795,0.386750
-0.148882,-0.266000,0.382079
-0.083715,0.176547,-0.175506
-0.000000,0.083059,-0.281676
-0.129270,0.063976,-0.242828
-0.230615,0.165883,0.141493
-0.245775,0.102874,0.178233
-0.223295,0.388103,0.014087
-0.181789,0.406319,0.029865
-0.156374,0.414549,-0.019435
-0.197880,0.396333,-0.035213
-0.197420,0.419698,-0.003394
-0.195611,0.239685,0.050986
-0.162429,0.268312,0.063251
-0.197974,0.276937,0.026424
-0.204853,0.239484,-0.013451
-0.190305,0.252079,0.032046
-0.158965,0.289347,-0.052600
-0.103527,0.286620,-0.053649
-0.125387,0.257320,-0.081828
-0.187939,0.243394,-0.057703
-0.145078,0.265072,-0.064104
-0.113987,0.281698,0.065525
-0.091979,0.293890,0.016514
-0.135037,0.306411,0.050254
-0.123513,0.283541,0.053325
-0.070144,0.294631,-0.024439
-0.096955,0.318898,-0.024007
-0.084446,0.296029,-0.023721
-0.244445,0.229128,-0.065012
-0.248324,0.227933,-0.015339
-0.213850,0.233612,-0.043671
-0.354273,0.231904,-0.035155
-0.249949,0.194732,0.059344
-0.319570,0.209519,0.029955
-0.183292,0.212335,-0.095000
-0.326562,0.212152,-0.090964
-0.049949,0.283025,-0.073667
-0.000000,0.254969,-0.142256
-0.079913,0.244508,-0.114879
-0.050483,0.299640,0.031214
-0.167391,0.248550,0.112395
0.000000,0.290270,0.105162
-0.089446,0.281389,0.100011
-0.000000,0.302285,-0.026656
-0.040708,0.299025,-0.025509
-0.211246,0.215092,0.091839
-0.193027,0.343722,0.054196
-0.214870,0.328260,-0.021303
-0.217251,0.332029,0.023239
-0.127851,0.367942,0.012477
-0.157681,0.358704,0.045978
-0.139935,0.361064,-0.049078
-0.121247,0.370611,-0.024804
-0.180748,0.343920,-0.047991
0.170469,-0.334691,-0.241840
0.148613,-0.239316,-0.286269
0.192194,-0.270998,-0.158619
0.147553,-0.376510,-0.104168
0.170118,-0.306771,-0.200424
0.192869,-0.156908,-0.243764
0.292027,-0.145423,-0.068590
0.272512,-0.289538,0.027536
0.247315,-0.217562,-0.118410
0.321200,-0.286254,0.227211
0.236246,-0.382075,0.228264
0.195819,-0.386500,0.090804
0.275733,-0.346458,0.149446
0.315934,-0.137593,0.171950
0.248689,-0.140697,0.326137
0.260572,-0.250293,0.354437
0.311510,-0.207549,0.287778
0.237441,-0.008842,-0.178563
0.283076,0.041808,-0.015047
0.271048,0.033368,0.141836
0.291671,-0.046335,0.004253
0.325721,0.151663,-0.126554
0.418924,0.105365,-0.101995
0.321537,0.050828,-0.086355
0.215358,0.081105,-0.162700
0.325489,0.085073,-0.130285
0.379459,0.108574,0.006948
0.314027,0.144604,0.064242
0.316319,0.079036,0.003764
0.452868,0.196262,-0.092306
0.414637,0.199691,0.013164
0.449964,0.155179,-0.042839
0.087563,-0.182441,-0.302052
0.094166,-0.209727,-0.386397
0.085645,-0.205552,-0.332132
0.123089,-0.041772,-0.303806
0.105434,-0.125993,-0.307557
0.135345,-0.023738,0.283498
0.212553,0.100118,0.210288
0.104150,0.223419,0.171200
0.120937,0.107357,0.228372
0.138312,-0.188536,0.386106
0.137973,-0.117234,0.345674
0.076303,-0.447331,-0.068137
0.093168,-0.398748,0.012327
0.083341,-0.414332,-0.036121
0.113986,-0.422363,0.172301
0.102308,-0.412816,0.087122
0.151824,-0.342232,0.336140
0.136108,-0.398362,0.259796
0.148882,-0.266000,0.382079
0.083715,0.176547,-0.175506
0.129270,0.063976,-0.242828
0.230615,0.165883,0.141493
0.245775,0.102874,0.178233
0.197880,0.396333,-0.035213
0.156374,0.414549,-0.019435
0.181789,0.406319,0.029865
0.223295,0.388103,0.014087
0.197420,0.419698,-0.003394
0.204853,0.239484,-0.013451
0.197974,0.276937,0.026424
0.162429,0.268312,0.063251
0.195611,0.239685,0.050985
0.190305,0.252079,0.032046
0.187939,0.243394,-0.057703
0.125387,0.257320,-0.081829
0.103527,0.286620,-0.053649
0.158965,0.289347,-0.052600
0.145078,0.265072,-0.064104
0.135037,0.306411,0.050254
0.091979,0.293890,0.016514
0.113987,0.281698,0.065524
0.123513,0.283541,0.053325
0.096955,0.318898,-0.024007
0.070144,0.294631,-0.024439
0.084446,0.296029,-0.023721
0.248324,0.227933,-0.015339
0.244445,0.229128,-0.065012
0.213850,0.233612,-0.043671
0.249949,0.194732,0.059344
0.354273,0.231904,-0.035155
0.319570,0.209519,0.029955
0.183292,0.212335,-0.095001
0.326562,0.212152,-0.090964
0.049949,0.283025,-0.073667
0.079913,0.244508,-0.114879
0.167391,0.248550,0.112395
0.050483,0.299640,0.031214
0.089446,0.281389,0.100011
0.040708,0.299025,-0.025509
0.211246,0.215092,0.091839
0.214870,0.328260,-0.021303
0.193027,0.343722,0.054196
0.217251,0.332029,0.023239
0.127851,0.367942,0.012477
0.157681,0.358704,0.045978
0.139935,0.361064,-0.049078
0.121247,0.370611,-0.024804
0.180748,0.343920,-0.047991
-0.141434,-0.395114,-0.124838
-0.164461,-0.343989,-0.150894
-0.168904,-0.321160,-0.221239
-0.158840,-0.378791,-0.191088
-0.160168,-0.361347,-0.171861
-0.159419,-0.360049,-0.077260
-0.195040,-0.307175,-0.099578
-0.176908,-0.290567,-0.179314
-0.174803,-0.326570,-0.126666
-0.179280,-0.238306,-0.211498
-0.149336,-0.228466,-0.267606
-0.164896,-0.270214,-0.247089
-0.168240,-0.256607,-0.227794
-0.152451,-0.246217,-0.308581
-0.171012,-0.289718,-0.290529
-0.166674,-0.280735,-0.268327
-0.232394,-0.317320,-0.005636
-0.262786,-0.253975,-0.044827
-0.217645,-0.246655,-0.138839
-0.227498,-0.282485,-0.072991
-0.304254,-0.258965,0.063692
-0.311615,-0.184418,0.018811
-0.274145,-0.183904,-0.095487
-0.292717,-0.221674,-0.014129
-0.264441,-0.111697,-0.154032
-0.212621,-0.121618,-0.237974
-0.224319,-0.184244,-0.186979
-0.247836,-0.149874,-0.173090
-0.172707,-0.187459,-0.247723
-0.199549,-0.214003,-0.198751
-0.192090,-0.368419,0.036709
-0.238509,-0.368477,0.114451
-0.277746,-0.320612,0.093074
-0.237539,-0.345786,0.058532
-0.194501,-0.399310,0.134830
-0.211498,-0.398035,0.191161
-0.263048,-0.366881,0.194932
-0.231140,-0.385514,0.159410
-0.256163,-0.357369,0.267607
-0.302200,-0.308808,0.271831
-0.304394,-0.319212,0.188785
-0.287746,-0.341153,0.234218
-0.327448,-0.257832,0.170146
-0.308949,-0.291738,0.131773
-0.323385,-0.247801,0.260389
-0.318224,-0.175484,0.236277
-0.326783,-0.182358,0.136018
-0.330203,-0.218140,0.204872
-0.269079,-0.288348,0.333766
-0.293242,-0.232601,0.326764
-0.303848,-0.271217,0.303135
-0.244292,-0.215889,0.365134
-0.238719,-0.171680,0.353141
-0.286557,-0.169968,0.309526
-0.271404,-0.197706,0.342411
-0.253713,-0.099435,0.288504
-0.293173,-0.091552,0.209148
-0.292892,-0.133650,0.264849
-0.269974,-0.002316,0.184907
-0.284546,-0.007500,0.088526
-0.306935,-0.095057,0.095031
-0.290525,-0.049922,0.145050
-0.278693,0.071935,0.046269
-0.281932,0.007933,-0.012813
-0.267116,0.073002,0.113211
-0.278453,0.035553,0.058648
-0.246415,0.016294,-0.155058
-0.269994,-0.030721,-0.103392
-0.277961,0.028925,-0.079687
-0.270778,0.003635,-0.091115
-0.296493,-0.101466,-0.036358
-0.233400,-0.043715,-0.204104
-0.270058,-0.070842,-0.128170
-0.315341,-0.141380,0.054036
-0.195592,0.118965,-0.148852
-0.268440,0.082593,-0.142832
-0.325283,0.117134,-0.133176
-0.253400,0.153071,-0.123595
-0.258961,0.117064,-0.137145
-0.240221,0.050997,-0.159084
-0.289534,0.042316,-0.108258
-0.324030,0.061225,-0.115308
-0.279757,0.056022,-0.134596
-0.354402,0.062913,-0.069965
-0.399123,0.085859,-0.079867
-0.377897,0.091662,-0.118788
-0.366510,0.070912,-0.099472
-0.426746,0.130650,-0.116514
-0.386572,0.151396,-0.126412
-0.382937,0.120325,-0.127578
-0.295072,0.063816,-0.007311
-0.318969,0.057840,-0.043331
-0.294675,0.045345,-0.062101
-0.287027,0.132677,0.072623
-0.313812,0.109825,0.043330
-0.291473,0.095015,0.042618
-0.345767,0.151838,0.056520
-0.376052,0.134388,0.034160
-0.344871,0.092494,0.010936
-0.342933,0.120926,0.042251
-0.380614,0.087392,-0.029729
-0.348197,0.071455,-0.030154
-0.391866,0.176149,0.036271
-0.440353,0.180939,-0.011367
-0.417711,0.130503,-0.013387
-0.410775,0.156572,0.015765
-0.428917,0.215350,-0.016202
-0.446642,0.213677,-0.064131
-0.465327,0.178458,-0.072145
-0.455585,0.200380,-0.041749
-0.441775,0.172271,-0.112194
-0.443026,0.128082,-0.075123
-0.454899,0.152539,-0.097973
-0.414884,0.105888,-0.048508
-0.000000,-0.190480,-0.323581
-0.044240,-0.199512,-0.341528
-0.084647,-0.197547,-0.312558
-0.044921,-0.177080,-0.310971
-0.043571,-0.191916,-0.321230
-0.000000,-0.200693,-0.371785
-0.048943,-0.202640,-0.398854
-0.089253,-0.208823,-0.357753
-0.046255,-0.202282,-0.368518
-0.131948,-0.224978,-0.364621
-0.121381,-0.218146,-0.314294
-0.125737,-0.222680,-0.338203
-0.125649,-0.193430,-0.284039
-0.120733,-0.209142,-0.295403
-0.000000,-0.077742,-0.330602
-0.053828,-0.120222,-0.320217
-0.115607,-0.086723,-0.310440
-0.062614,-0.032227,-0.321870
-0.058917,-0.079649,-0.325813
-0.000000,-0.151659,-0.315490
-0.095207,-0.158320,-0.302360
-0.048709,-0.153010,-0.312722
-0.152574,-0.137763,-0.283209
-0.137282,-0.169258,-0.281640
-0.179099,-0.059292,-0.273982
-0.167766,-0.100568,-0.282679
0.000000,0.042575,0.261297
-0.062154,0.110716,0.232414
-0.129174,0.039531,0.255133
-0.068809,-0.021734,0.288668
-0.065994,0.041856,0.259995
0.000000,0.178354,0.205498
-0.053388,0.230479,0.173794
-0.112415,0.171174,0.200843
-0.057817,0.176380,0.204216
-0.149567,0.212726,0.168230
-0.198443,0.155291,0.188498
-0.172743,0.102936,0.221293
-0.160510,0.163732,0.195826
-0.229957,0.036789,0.227064
-0.197434,-0.028864,0.271588
-0.186204,0.036056,0.245183
0.000000,-0.152189,0.374395
-0.070732,-0.115182,0.349124
-0.137252,-0.153456,0.370496
-0.072114,-0.188387,0.389646
-0.071101,-0.152114,0.373776
0.000000,-0.073062,0.320449
-0.137906,-0.075274,0.315058
-0.070207,-0.073169,0.319452
-0.198299,-0.124252,0.338121
-0.200413,-0.082142,0.305351
-0.192629,-0.189876,0.377783
-0.193866,-0.158565,0.363119
-0.000000,-0.436275,-0.025463
-0.042743,-0.421683,-0.017083
-0.079538,-0.429832,-0.053153
-0.039063,-0.450656,-0.046780
-0.040860,-0.435191,-0.032779
0.000000,-0.414759,0.008238
-0.046949,-0.408511,0.026180
-0.088103,-0.402975,-0.014988
-0.044785,-0.412104,0.002004
-0.138131,-0.380463,-0.007334
-0.119450,-0.399768,-0.065451
-0.128042,-0.385893,-0.040921
-0.109896,-0.436716,-0.100875
-0.113836,-0.417395,-0.084501
0.000000,-0.414782,0.060945
-0.051817,-0.419300,0.092745
-0.097849,-0.403645,0.047241
-0.049222,-0.412148,0.056758
0.000000,-0.426845,0.134858
-0.059198,-0.426214,0.175795
-0.107069,-0.420506,0.129040
-0.055007,-0.425448,0.132797
-0.159835,-0.414453,0.167955
-0.150327,-0.401564,0.083839
-0.153609,-0.411348,0.127324
-0.145403,-0.388693,0.037178
0.000000,-0.418498,0.221626
-0.070326,-0.400903,0.264564
-0.124484,-0.414896,0.216405
-0.064621,-0.417915,0.220484
0.000000,-0.376697,0.306512
-0.078147,-0.344882,0.340872
-0.145903,-0.373705,0.300603
-0.075182,-0.376203,0.305549
-0.216559,-0.336180,0.324829
-0.192840,-0.392354,0.248862
-0.207708,-0.367855,0.288912
-0.174896,-0.408066,0.208089
0.000000,-0.308742,0.368924
-0.076839,-0.268288,0.386072
-0.152417,-0.305483,0.363779
-0.078450,-0.308172,0.368137
0.000000,-0.227957,0.394198
-0.143094,-0.226379,0.389836
-0.074339,-0.227594,0.393594
-0.211450,-0.260739,0.372231
-0.200947,-0.223698,0.380601
-0.217427,-0.299350,0.353193
-0.126178,0.007748,-0.281653
-0.060505,0.078125,-0.271552
-0.000000,0.025036,-0.310506
-0.063628,0.020983,-0.302393
-0.191466,0.020668,-0.222250
-0.184391,-0.016309,-0.252485
-0.172673,0.077174,-0.195221
-0.210723,0.041184,-0.189219
-0.128939,0.165755,-0.147835
-0.099658,0.127101,-0.209675
-0.144965,0.122172,-0.175938
-0.000000,0.141044,-0.247134
-0.041351,0.186946,-0.199922
-0.050394,0.136180,-0.236254
-0.236168,0.101032,0.194733
-0.257466,0.073473,0.170020
-0.251593,0.050417,0.199057
-0.212064,0.184343,0.154521
-0.240121,0.132207,0.164097
-0.223583,0.146343,0.178046
-0.246736,0.142934,0.123329
-0.254102,0.106563,0.145857
-0.224646,0.382828,-0.003655
-0.213796,0.407883,0.005939
-0.199913,0.412368,-0.020983
-0.213048,0.386583,-0.026151
-0.215596,0.401109,-0.011775
-0.215271,0.388906,0.029990
-0.196330,0.397216,0.037190
-0.191121,0.417810,0.014556
-0.206461,0.406898,0.022985
-0.165731,0.408715,0.018742
-0.154134,0.412470,-0.003754
-0.177239,0.422295,-0.012365
-0.172741,0.419893,0.004514
-0.160255,0.408913,-0.032799
-0.179195,0.400603,-0.039999
-0.180222,0.415385,-0.027907
-0.208249,0.230949,0.030854
-0.191464,0.246041,0.039026
-0.199062,0.245022,0.008725
-0.210383,0.233301,-0.003462
-0.201915,0.238472,0.017154
-0.180706,0.250521,0.068068
-0.161394,0.264424,0.068521
-0.178149,0.260041,0.051714
-0.178218,0.255019,0.057642
-0.165791,0.276471,0.060645
-0.187367,0.284192,0.047213
-0.192289,0.261155,0.028305
-0.181013,0.268713,0.048740
-0.202851,0.270171,0.000735
-0.201802,0.247606,-0.020389
-0.199161,0.254064,0.003574
-0.181144,0.276942,-0.044272
-0.151506,0.273620,-0.057350
-0.168060,0.253243,-0.062286
-0.191738,0.250220,-0.045100
-0.173881,0.261392,-0.052534
-0.136188,0.300698,-0.054719
-0.109364,0.294574,-0.051501
-0.122538,0.276810,-0.061410
-0.128806,0.285159,-0.057251
-0.096642,0.283536,-0.056947
-0.102942,0.271091,-0.074675
-0.137213,0.260539,-0.072268
-0.114785,0.272992,-0.067199
-0.153482,0.243870,-0.081349
-0.185796,0.238646,-0.068124
-0.161890,0.248298,-0.071903
-0.138225,0.272622,0.076849
-0.119348,0.281149,0.057642
-0.143395,0.276310,0.063142
-0.140759,0.273327,0.068037
-0.093691,0.288582,0.045577
-0.086598,0.291801,0.018283
-0.105558,0.289538,0.036702
-0.100552,0.287402,0.039832
-0.097220,0.301536,0.015591
-0.117610,0.312447,0.034351
-0.128177,0.291191,0.051290
-0.110611,0.297163,0.035203
-0.154100,0.299320,0.059578
-0.147416,0.284123,0.060783
-0.071302,0.295309,-0.002237
-0.078586,0.293762,-0.024013
-0.084858,0.296193,-0.004180
-0.079243,0.294069,-0.003483
-0.075261,0.290634,-0.044409
-0.090688,0.292979,-0.040685
-0.084445,0.290408,-0.042203
-0.103358,0.315916,-0.039691
-0.089859,0.303665,-0.023680
-0.096242,0.300697,-0.039850
-0.097292,0.319117,-0.005205
-0.090192,0.303827,-0.004648
-0.208598,0.235897,-0.030504
-0.227631,0.231149,-0.031705
-0.233323,0.225320,-0.002620
-0.217983,0.231219,-0.019189
-0.202090,0.237188,-0.051866
-0.201575,0.241708,-0.038384
-0.216295,0.229119,-0.072365
-0.224559,0.231747,-0.054881
-0.206348,0.233498,-0.062825
-0.266014,0.231673,-0.052504
-0.265510,0.231497,-0.028939
-0.242515,0.231724,-0.043097
-0.279669,0.221923,0.005566
-0.277479,0.198086,0.045898
-0.235366,0.213977,0.034031
-0.256276,0.215573,0.020217
-0.310348,0.233515,-0.037089
-0.342987,0.226485,-0.004487
-0.299958,0.229736,-0.014836
-0.373776,0.207329,0.025970
-0.400110,0.227959,-0.037012
-0.389368,0.223003,-0.004630
-0.318516,0.178154,0.058020
-0.357977,0.181882,0.049097
-0.258735,0.164921,0.082740
-0.284947,0.169095,0.068713
-0.184305,0.226101,-0.085074
-0.248366,0.208483,-0.093093
-0.276890,0.224181,-0.075258
-0.232629,0.222096,-0.081667
-0.181435,0.189169,-0.109261
-0.328355,0.183484,-0.112763
-0.252367,0.184556,-0.108002
-0.404570,0.205772,-0.096553
-0.396390,0.180823,-0.116083
-0.351209,0.226718,-0.064316
-0.406525,0.221899,-0.068747
-0.302650,0.230194,-0.058707
-0.070494,0.282467,-0.067174
-0.060571,0.268191,-0.095245
-0.107256,0.252869,-0.093605
-0.084808,0.269026,-0.083965
-0.000000,0.273355,-0.111796
-0.036195,0.251582,-0.134370
-0.025878,0.285078,-0.080047
-0.031068,0.271185,-0.106506
-0.078619,0.213963,-0.144814
-0.000000,0.228985,-0.175353
-0.037857,0.224551,-0.165759
-0.129823,0.224345,-0.104533
-0.124874,0.200180,-0.123530
-0.141625,0.237284,-0.091221
-0.026997,0.303278,0.033894
-0.064458,0.294458,0.063561
-0.043509,0.287623,0.103910
0.000000,0.300998,0.069154
-0.034712,0.298790,0.067992
-0.105542,0.282810,0.078385
-0.067570,0.296014,0.026451
-0.082870,0.291113,0.054439
-0.163329,0.257954,0.092513
-0.133906,0.264388,0.111432
-0.135016,0.271324,0.090921
-0.096475,0.258414,0.138354
-0.175499,0.229954,0.136906
-0.139875,0.245605,0.138924
0.000000,0.269231,0.141078
-0.049051,0.266374,0.139946
-0.043287,0.293099,-0.050488
-0.021111,0.301260,-0.026258
-0.000000,0.295989,-0.055016
-0.022377,0.294988,-0.053571
-0.057361,0.296624,-0.024910
-0.061306,0.291607,-0.047268
-0.042883,0.301105,0.001611
-0.059252,0.297949,-0.000279
0.000000,0.305300,0.002927
-0.022508,0.303991,0.002646
-0.191995,0.231579,0.105064
-0.220737,0.193845,0.116580
-0.201239,0.212424,0.129264
-0.202534,0.229936,0.069205
-0.185213,0.243524,0.084188
-0.229237,0.201482,0.075467
-0.218264,0.219323,0.051240
-0.238515,0.175799,0.100151
-0.182315,0.315833,0.057714
-0.207541,0.337267,0.042604
-0.207415,0.301999,0.025114
-0.197248,0.308543,0.045643
-0.201364,0.369339,0.047410
-0.223642,0.361861,0.019764
-0.214665,0.365097,0.037025
-0.220227,0.356905,-0.019218
-0.220169,0.328156,0.000391
-0.225532,0.357864,-0.000330
-0.206201,0.296228,-0.023301
-0.211185,0.296944,0.000374
-0.114794,0.340871,0.013907
-0.140790,0.364127,0.030977
-0.145346,0.330507,0.048927
-0.128029,0.336507,0.033194
-0.141993,0.391548,0.010602
-0.170258,0.385424,0.040072
-0.154236,0.389398,0.026822
-0.175767,0.351391,0.054666
-0.186431,0.377544,0.047759
-0.164248,0.323384,0.058102
-0.127083,0.333892,-0.050183
-0.127308,0.367228,-0.039519
-0.107518,0.342912,-0.024677
-0.113890,0.339882,-0.040016
-0.153471,0.384936,-0.045571
-0.137569,0.396057,-0.023372
-0.142783,0.391752,-0.036969
-0.121334,0.370486,-0.006814
-0.136946,0.395020,-0.006734
-0.107839,0.343132,-0.006066
-0.200665,0.334504,-0.037705
-0.169308,0.314353,-0.050156
-0.190742,0.303545,-0.040204
-0.190946,0.372493,-0.043725
-0.208237,0.363485,-0.033916
-0.159035,0.353092,-0.051886
-0.171013,0.379304,-0.047733
-0.146718,0.325002,-0.053553
0.158840,-0.378791,-0.191088
0.168904,-0.321160,-0.221239
0.164461,-0.343989,-0.150894
0.141434,-0.395114,-0.124838
0.160168,-0.361347,-0.171861
0.171012,-0.289718,-0.290529
0.152451,-0.246217,-0.308581
0.164896,-0.270214,-0.247089
0.166674,-0.280735,-0.268327
0.149336,-0.228466,-0.267606
0.179280,-0.238306,-0.211498
0.176908,-0.290567,-0.179314
0.168240,-0.256607,-0.227794
0.195040,-0.307175,-0.099578
0.159419,-0.360049,-0.077261
0.174803,-0.326570,-0.126666
0.217645,-0.246655,-0.138839
0.262786,-0.253975,-0.044827
0.232394,-0.317320,-0.005636
0.227498,-0.282485,-0.072991
0.172707,-0.187459,-0.247723
0.224319,-0.184244,-0.186979
0.199549,-0.214003,-0.198751
0.212621,-0.121618,-0.237974
0.264441,-0.111697,-0.154032
0.274145,-0.183904,-0.095487
0.247836,-0.149874,-0.173090
0.311615,-0.184418,0.018811
0.304254,-0.258965,0.063692
0.292717,-0.221674,-0.014129
0.277746,-0.320612,0.093074
0.238509,-0.368477,0.114451
0.192090,-0.368419,0.036709
0.237539,-0.345786,0.058532
0.327448,-0.257832,0.170146
0.304394,-0.319212,0.188785
0.308949,-0.291738,0.131773
0.302200,-0.308808,0.271831
0.256163,-0.357369,0.267607
0.263048,-0.366881,0.194932
0.287746,-0.341153,0.234218
0.211498,-0.398035,0.191161
0.194501,-0.399310,0.134830
0.231140,-0.385514,0.159410
0.326783,-0.182358,0.136018
0.318224,-0.175484,0.236277
0.323385,-0.247801,0.260389
0.330203,-0.218140,0.204872
0.293173,-0.091552,0.209148
0.253713,-0.099435,0.288504
0.286557,-0.169968,0.309526
0.292892,-0.133650,0.264849
0.238719,-0.171680,0.353141
0.244292,-0.215889,0.365134
0.293242,-0.232601,0.326764
0.271404,-0.197706,0.342411
0.269079,-0.288348,0.333766
0.303848,-0.271217,0.303135
0.306935,-0.095057,0.095031
0.284546,-0.007500,0.088525
0.269974,-0.002316,0.184907
0.290525,-0.049922,0.145050
0.296493,-0.101466,-0.036358
0.315341,-0.141380,0.054036
0.233400,-0.043715,-0.204104
0.269994,-0.030721,-0.103392
0.270058,-0.070842,-0.128170
0.277961,0.028925,-0.079687
0.281932,0.007933,-0.012813
0.246415,0.016294,-0.155058
0.270778,0.003635,-0.091115
0.267116,0.073002,0.113211
0.278693,0.071935,0.046269
0.278453,0.035553,0.058648
0.253400,0.153071,-0.123595
0.325283,0.117134,-0.133176
0.268440,0.082593,-0.142832
0.195592,0.118965,-0.148852
0.258961,0.117064,-0.137145
0.386572,0.151396,-0.126412
0.426746,0.130650,-0.116514
0.377897,0.091662,-0.118788
0.382937,0.120325,-0.127578
0.399123,0.085859,-0.079867
0.354402,0.062913,-0.069965
0.324030,0.061225,-0.115308
0.366510,0.070912,-0.099472
0.289534,0.042316,-0.108258
0.240221,0.050997,-0.159084
0.279757,0.056022,-0.134596
0.318969,0.057840,-0.043332
0.295072,0.063816,-0.007311
0.294675,0.045345,-0.062101
0.380614,0.087392,-0.029729
0.344871,0.092494,0.010936
0.348197,0.071455,-0.030154
0.376052,0.134388,0.034159
0.345767,0.151838,0.056520
0.313812,0.109825,0.043330
0.342933,0.120926,0.042251
0.287027,0.132677,0.072622
0.291473,0.095015,0.042618
0.417711,0.130503,-0.013387
0.440353,0.180939,-0.011367
0.391866,0.176149,0.036271
0.410775,0.156572,0.015764
0.443026,0.128082,-0.075123
0.414884,0.105888,-0.048508
0.441775,0.172271,-0.112194
0.465327,0.178458,-0.072145
0.454899,0.152539,-0.097974
0.446642,0.213677,-0.064131
0.428917,0.215350,-0.016202
0.455585,0.200380,-0.041749
0.044921,-0.177080,-0.310971
0.084646,-0.197547,-0.312558
0.044240,-0.199512,-0.341528
0.043570,-0.191916,-0.321230
0.125649,-0.193430,-0.284039
0.121381,-0.218146,-0.314294
0.120733,-0.209142,-0.295403
0.131948,-0.224978,-0.364621
0.089253,-0.208823,-0.357753
0.125737,-0.222680,-0.338203
0.048943,-0.202640,-0.398854
0.046255,-0.202282,-0.368518
0.062614,-0.032227,-0.321870
0.115607,-0.086723,-0.310440
0.053828,-0.120222,-0.320217
0.058917,-0.079649,-0.325813
0.179099,-0.059292,-0.273982
0.152574,-0.137763,-0.283209
0.167766,-0.100568,-0.282679
0.095207,-0.158320,-0.302360
0.137282,-0.169258,-0.281640
0.048709,-0.153010,-0.312722
0.068809,-0.021734,0.288668
0.129174,0.039531,0.255133
0.062154,0.110716,0.232414
0.065994,0.041856,0.259995
0.197434,-0.028864,0.271588
0.229957,0.036789,0.227064
0.172743,0.102936,0.221293
0.186204,0.036056,0.245183
0.198443,0.155291,0.188498
0.149567,0.212726,0.168230
0.112415,0.171174,0.200843
0.160510,0.163732,0.195826
0.053388,0.230479,0.173794
0.057817,0.176380,0.204216
0.072114,-0.188387,0.389646
0.137252,-0.153456,0.370496
0.070733,-0.115182,0.349124
0.071101,-0.152114,0.373776
0.192629,-0.189876,0.377783
0.198299,-0.124252,0.338121
0.193866,-0.158565,0.363119
0.137906,-0.075274,0.315058
0.200413,-0.082142,0.305351
0.070207,-0.073169,0.319452
0.039063,-0.450656,-0.046780
0.079538,-0.429832,-0.053153
0.042743,-0.421683,-0.017083
0.040859,-0.435191,-0.032779
0.109896,-0.436716,-0.100875
0.119450,-0.399768,-0.065451
0.113836,-0.417395,-0.084501
0.138131,-0.380463,-0.007334
0.088103,-0.402975,-0.014988
0.128042,-0.385893,-0.040921
0.046949,-0.408511,0.026180
0.044785,-0.412104,0.002004
0.097850,-0.403645,0.047240
0.051817,-0.419300,0.092745
0.049222,-0.412148,0.056758
0.150327,-0.401564,0.083839
0.145403,-0.388693,0.037178
0.159835,-0.414453,0.167955
0.107069,-0.420506,0.129040
0.153609,-0.411348,0.127324
0.059198,-0.426214,0.175795
0.055007,-0.425448,0.132797
0.124484,-0.414896,0.216405
0.070326,-0.400903,0.264564
0.064621,-0.417915,0.220484
0.192840,-0.392354,0.248862
0.174896,-0.408066,0.208089
0.216559,-0.336180,0.324829
0.145903,-0.373705,0.300603
0.207708,-0.367855,0.288912
0.078147,-0.344882,0.340872
0.075182,-0.376203,0.305549
0.152417,-0.305483,0.363779
0.076839,-0.268288,0.386072
0.078450,-0.308172,0.368137
0.211450,-0.260739,0.372231
0.217427,-0.299350,0.353193
0.143094,-0.226379,0.389836
0.200947,-0.223698,0.380601
0.074339,-0.227594,0.393594
0.060505,0.078125,-0.271552
0.126178,0.007748,-0.281653
0.063628,0.020983,-0.302393
0.041351,0.186946,-0.199922
0.099658,0.127101,-0.209675
0.050394,0.136180,-0.236254
0.172673,0.077174,-0.195221
0.128939,0.165755,-0.147835
0.144965,0.122172,-0.175938
0.191466,0.020668,-0.222250
0.210723,0.041184,-0.189219
0.184391,-0.016309,-0.252485
0.257466,0.073473,0.170020
0.236168,0.101032,0.194733
0.251593,0.050417,0.199057
0.246736,0.142934,0.123329
0.240121,0.132207,0.164097
0.254102,0.106563,0.145857
0.212064,0.184343,0.154521
0.223583,0.146343,0.178046
0.213048,0.386583,-0.026151
0.199913,0.412368,-0.020983
0.213796,0.407883,0.005939
0.224646,0.382828,-0.003655
0.215596,0.401109,-0.011775
0.179195,0.400603,-0.039999
0.160255,0.408913,-0.032799
0.177239,0.422295,-0.012365
0.180222,0.415385,-0.027907
0.154134,0.412470,-0.003754
0.165731,0.408715,0.018742
0.191121,0.417810,0.014556
0.172741,0.419893,0.004513
0.196330,0.397216,0.037190
0.215271,0.388906,0.029990
0.206461,0.406898,0.022985
0.210383,0.233301,-0.003462
0.199062,0.245022,0.008725
0.191464,0.246041,0.039026
0.208249,0.230949,0.030854
0.201915,0.238472,0.017154
0.201802,0.247606,-0.020389
0.202851,0.270171,0.000735
0.192289,0.261155,0.028304
0.199161,0.254064,0.003574
0.187367,0.284192,0.047213
0.165791,0.276471,0.060645
0.178149,0.260041,0.051713
0.181013,0.268713,0.048740
0.161394,0.264424,0.068521
0.180706,0.250521,0.068068
0.178218,0.255019,0.057642
0.191738,0.250220,-0.045100
0.168060,0.253243,-0.062286
0.151506,0.273620,-0.057350
0.181144,0.276942,-0.044272
0.173881,0.261392,-0.052534
0.185796,0.238646,-0.068124
0.153482,0.243870,-0.081349
0.137213,0.260539,-0.072268
0.161890,0.248298,-0.071903
0.102942,0.271091,-0.074676
0.096642,0.283536,-0.056947
0.122538,0.276810,-0.061411
0.114785,0.272992,-0.067199
0.109364,0.294574,-0.051501
0.136188,0.300698,-0.054719
0.128806,0.285159,-0.057251
0.143395,0.276310,0.063142
0.119348,0.281149,0.057642
0.138225,0.272622,0.076849
0.140759,0.273327,0.068037
0.128177,0.291191,0.051290
0.154100,0.299320,0.059578
0.147416,0.284123,0.060783
0.117610,0.312447,0.034351
0.097220,0.301536,0.015591
0.105558,0.289538,0.036702
0.110611,0.297163,0.035203
0.086598,0.291801,0.018283
0.093691,0.288582,0.045577
0.100552,0.287402,0.039832
0.084858,0.296193,-0.004180
0.078586,0.293762,-0.024013
0.071302,0.295309,-0.002237
0.079243,0.294069,-0.003483
0.097292,0.319117,-0.005205
0.089859,0.303665,-0.023680
0.090192,0.303827,-0.004648
0.103358,0.315916,-0.039691
0.090688,0.292979,-0.040685
0.096242,0.300697,-0.039850
0.075261,0.290634,-0.044409
0.084445,0.290408,-0.042203
0.233323,0.225320,-0.002620
0.227631,0.231149,-0.031705
0.208598,0.235897,-0.030504
0.217983,0.231219,-0.019189
0.265510,0.231497,-0.028939
0.266014,0.231673,-0.052504
0.224559,0.231747,-0.054881
0.242515,0.231724,-0.043097
0.216295,0.229119,-0.072365
0.202090,0.237188,-0.051866
0.206348,0.233498,-0.062825
0.201575,0.241708,-0.038384
0.235366,0.213977,0.034031
0.277479,0.198086,0.045898
0.279669,0.221923,0.005566
0.256276,0.215573,0.020217
0.318516,0.178154,0.058020
0.258735,0.164921,0.082740
0.284947,0.169095,0.068712
0.373776,0.207329,0.025970
0.357977,0.181882,0.049097
0.400110,0.227959,-0.037012
0.342987,0.226485,-0.004487
0.389368,0.223003,-0.004630
0.310348,0.233515,-0.037089
0.299958,0.229736,-0.014836
0.276890,0.224181,-0.075259
0.248366,0.208483,-0.093093
0.184305,0.226101,-0.085074
0.232629,0.222096,-0.081667
0.351209,0.226718,-0.064316
0.302650,0.230194,-0.058707
0.404570,0.205772,-0.096553
0.406525,0.221899,-0.068747
0.328355,0.183484,-0.112763
0.396390,0.180823,-0.116083
0.181435,0.189169,-0.109261
0.252367,0.184556,-0.108002
0.107256,0.252869,-0.093605
0.060571,0.268191,-0.095245
0.070494,0.282467,-0.067174
0.084808,0.269026,-0.083965
0.129823,0.224345,-0.104533
0.141625,0.237284,-0.091221
0.078618,0.213963,-0.144814
0.124874,0.200180,-0.123530
0.036195,0.251582,-0.134370
0.037857,0.224551,-0.165759
0.025877,0.285078,-0.080047
0.031068,0.271185,-0.106506
0.043509,0.287623,0.103910
0.064459,0.294458,0.063561
0.026997,0.303278,0.033894
0.034712,0.298790,0.067992
0.096476,0.258414,0.138354
0.049051,0.266374,0.139946
0.175499,0.229954,0.136906
0.133906,0.264388,0.111432
0.139875,0.245605,0.138924
0.105542,0.282810,0.078385
0.163329,0.257954,0.092513
0.135016,0.271324,0.090921
0.067570,0.296014,0.026451
0.082870,0.291113,0.054439
0.021111,0.301260,-0.026258
0.043287,0.293099,-0.050488
0.022377,0.294988,-0.053572
0.042883,0.301105,0.001611
0.022508,0.303991,0.002646
0.057361,0.296624,-0.024911
0.059252,0.297949,-0.000279
0.061306,0.291607,-0.047268
0.220737,0.193845,0.116580
0.191995,0.231579,0.105064
0.201239,0.212424,0.129264
0.229237,0.201482,0.075467
0.238515,0.175799,0.100151
0.202534,0.229936,0.069205
0.218264,0.219323,0.051239
0.185213,0.243524,0.084188
0.207415,0.301999,0.025113
0.207541,0.337267,0.042604
0.182315,0.315833,0.057713
0.197248,0.308543,0.045643
0.206201,0.296228,-0.023302
0.220169,0.328156,0.000391
0.211185,0.296944,0.000374
0.220227,0.356905,-0.019218
0.223642,0.361861,0.019764
0.225532,0.357864,-0.000330
0.201364,0.369339,0.047410
0.214665,0.365097,0.037025
0.145346,0.330507,0.048927
0.140790,0.364127,0.030977
0.114794,0.340871,0.013907
0.128029,0.336507,0.033193
0.175767,0.351391,0.054666
0.164248,0.323384,0.058102
0.170258,0.385424,0.040072
0.186431,0.377544,0.047759
0.141993,0.391548,0.010602
0.154236,0.389398,0.026822
0.107518,0.342912,-0.024677
0.127308,0.367228,-0.039519
0.127083,0.333892,-0.050183
0.113890,0.339882,-0.040016
0.121334,0.370486,-0.006814
0.107839,0.343132,-0.006066
0.137569,0.396057,-0.023372
0.136946,0.395020,-0.006734
0.153471,0.384936,-0.045572
0.142783,0.391752,-0.036969
0.169308,0.314353,-0.050156
0.200665,0.334504,-0.037705
0.190742,0.303545,-0.040204
0.159035,0.353092,-0.051886
0.146718,0.325002,-0.053553
0.190946,0.372493,-0.043725
0.171013,0.379304,-0.047733
0.208237,0.363485,-0.033916
-0.139558,-0.404868,-0.133949
-0.151991,-0.379419,-0.147763
-0.159318,-0.370063,-0.181583
-0.149460,-0.398242,-0.166324
-0.150543,-0.388795,-0.157193
-0.143987,-0.385619,-0.115028
-0.157443,-0.361176,-0.126816
-0.161759,-0.352652,-0.161704
-0.154169,-0.370189,-0.137737
-0.168667,-0.325629,-0.175674
-0.168990,-0.314127,-0.210872
-0.165846,-0.341669,-0.196547
-0.166713,-0.333725,-0.186293
-0.169513,-0.327979,-0.231553
-0.165922,-0.357304,-0.216445
-0.165703,-0.349512,-0.206557
-0.152472,-0.367916,-0.091908
-0.169037,-0.343974,-0.100846
-0.168647,-0.335371,-0.139216
-0.162178,-0.352451,-0.114701
-0.169070,-0.353119,-0.059236
-0.192051,-0.326199,-0.068270
-0.183416,-0.317362,-0.113242
-0.178684,-0.335701,-0.084705
-0.194991,-0.288737,-0.129746
-0.183305,-0.281306,-0.168862
-0.177323,-0.308581,-0.153115
-0.184829,-0.299133,-0.141461
-0.172635,-0.298987,-0.189870
-0.172069,-0.317330,-0.164567
-0.173870,-0.273089,-0.204379
-0.165767,-0.263896,-0.237133
-0.168872,-0.288094,-0.224414
-0.170533,-0.280997,-0.214237
-0.186943,-0.254070,-0.186043
-0.172637,-0.248144,-0.219204
-0.179226,-0.264178,-0.194945
-0.169252,-0.224061,-0.234462
-0.152121,-0.220942,-0.260212
-0.160052,-0.241579,-0.249041
-0.163587,-0.233600,-0.241129
-0.148262,-0.234508,-0.276367
-0.158155,-0.253749,-0.267892
-0.158342,-0.248221,-0.258022
-0.169224,-0.300593,-0.245354
-0.168683,-0.285323,-0.279368
-0.172245,-0.311859,-0.266720
-0.170567,-0.306303,-0.256011
-0.165305,-0.275763,-0.257527
-0.168547,-0.294575,-0.234805
-0.150104,-0.243137,-0.297083
-0.161126,-0.262354,-0.289591
-0.159184,-0.258386,-0.278475
-0.155368,-0.248803,-0.320535
-0.166532,-0.269176,-0.312713
-0.163677,-0.265877,-0.301063
-0.209988,-0.331242,-0.020222
-0.230165,-0.300409,-0.039219
-0.210231,-0.295434,-0.086306
-0.210068,-0.314034,-0.053533
-0.253328,-0.303575,0.010405
-0.268247,-0.272120,-0.008108
-0.245351,-0.268674,-0.059196
-0.249769,-0.286531,-0.024049
-0.255888,-0.235617,-0.081850
-0.232403,-0.232686,-0.128825
-0.223454,-0.264402,-0.106376
-0.239691,-0.250545,-0.094351
-0.203941,-0.259437,-0.148691
-0.208210,-0.277147,-0.118113
-0.289670,-0.274740,0.045395
-0.299326,-0.240666,0.025662
-0.278797,-0.238362,-0.029786
-0.284969,-0.256899,0.008520
-0.315716,-0.241997,0.082137
-0.318519,-0.204363,0.060789
-0.303879,-0.203747,0.002088
-0.310712,-0.223221,0.043143
-0.302788,-0.164525,-0.024610
-0.284577,-0.165287,-0.082624
-0.284349,-0.202562,-0.054804
-0.295180,-0.184221,-0.040132
-0.261477,-0.201315,-0.107357
-0.271013,-0.219659,-0.068689
-0.262026,-0.166272,-0.135301
-0.236589,-0.167585,-0.180490
-0.236824,-0.200324,-0.153739
-0.250045,-0.183859,-0.144956
-0.279323,-0.127852,-0.112247
-0.257356,-0.131212,-0.164398
-0.272032,-0.147593,-0.124492
-0.247144,-0.096841,-0.192396
-0.220854,-0.102690,-0.232966
-0.231420,-0.134920,-0.207700
-0.240359,-0.116219,-0.201002
-0.203094,-0.139757,-0.241383
-0.209700,-0.169659,-0.217273
-0.220982,-0.152786,-0.212965
-0.209682,-0.229740,-0.169843
-0.188491,-0.226890,-0.204809
-0.197362,-0.242570,-0.177778
-0.211732,-0.199752,-0.192937
-0.223103,-0.215638,-0.161933
-0.182542,-0.172875,-0.245687
-0.187230,-0.199793,-0.224924
-0.198231,-0.185380,-0.221101
-0.163962,-0.200464,-0.250442
-0.177351,-0.212739,-0.229219
-0.188703,-0.358335,0.005252
-0.215190,-0.357369,0.045229
-0.235123,-0.332363,0.027181
-0.212255,-0.345355,0.013198
-0.194531,-0.377945,0.065104
-0.217656,-0.377903,0.100753
-0.238830,-0.357839,0.087720
-0.217112,-0.368278,0.074372
-0.257996,-0.358051,0.130986
-0.277859,-0.334205,0.122518
-0.258542,-0.333584,0.074829
-0.259230,-0.346518,0.104113
-0.275821,-0.305713,0.061338
-0.256413,-0.319264,0.043479
-0.195745,-0.393671,0.114179
-0.213346,-0.392790,0.145229
-0.236093,-0.377655,0.138435
-0.216455,-0.386067,0.124500
-0.192280,-0.403271,0.152360
-0.199306,-0.402801,0.175569
-0.223209,-0.392193,0.177117
-0.208166,-0.398094,0.162558
-0.224103,-0.391150,0.209024
-0.251627,-0.375116,0.213192
-0.247820,-0.376981,0.176280
-0.237899,-0.384604,0.194316
-0.270940,-0.357339,0.173634
-0.254356,-0.368168,0.155106
-0.276485,-0.354901,0.214460
-0.297759,-0.330887,0.212979
-0.291337,-0.333526,0.168920
-0.285540,-0.344900,0.193140
-0.247051,-0.370740,0.247987
-0.273999,-0.349989,0.252447
-0.263784,-0.363517,0.232777
-0.263225,-0.342187,0.286539
-0.287116,-0.317860,0.289535
-0.296446,-0.325752,0.253558
-0.281900,-0.334710,0.271574
-0.313455,-0.298269,0.251065
-0.314487,-0.303470,0.208423
-0.307197,-0.315331,0.232502
-0.294703,-0.306720,0.112219
-0.307580,-0.275999,0.099084
-0.293044,-0.291359,0.080006
-0.308005,-0.306152,0.161695
-0.294263,-0.320787,0.141901
-0.325758,-0.272772,0.200246
-0.320019,-0.275499,0.151246
-0.318649,-0.290185,0.181333
-0.326591,-0.241444,0.136886
-0.318930,-0.259429,0.118176
-0.330773,-0.238570,0.187983
-0.329618,-0.201005,0.172147
-0.327083,-0.203614,0.118315
-0.330064,-0.221841,0.154816
-0.324120,-0.267519,0.244530
-0.328229,-0.233744,0.234263
-0.328896,-0.253797,0.217869
-0.319135,-0.227633,0.274801
-0.316149,-0.192328,0.263620
-0.325950,-0.196969,0.220932
-0.323924,-0.213094,0.249493
-0.318048,-0.157184,0.205727
-0.322953,-0.160226,0.153810
-0.325523,-0.179324,0.189057
-0.304622,-0.290434,0.288391
-0.315363,-0.260293,0.283318
-0.316133,-0.279733,0.268019
-0.269777,-0.307285,0.320003
-0.288524,-0.280570,0.319923
-0.289275,-0.299619,0.305701
-0.265955,-0.269165,0.345305
-0.278888,-0.242380,0.341930
-0.300009,-0.251744,0.315960
-0.285013,-0.261296,0.332049
-0.303995,-0.220982,0.308769
-0.311274,-0.240520,0.296917
-0.283679,-0.214374,0.335443
-0.280254,-0.184971,0.327377
-0.300650,-0.188084,0.299329
-0.293658,-0.202250,0.318828
-0.253099,-0.232290,0.360979
-0.259653,-0.208100,0.354852
-0.270298,-0.224405,0.349414
-0.234911,-0.201821,0.367107
-0.232533,-0.183681,0.362110
-0.256499,-0.183239,0.348080
-0.247364,-0.194195,0.358599
-0.244220,-0.157363,0.341088
-0.269236,-0.153929,0.318439
-0.263777,-0.169793,0.334703
-0.307235,-0.154114,0.251024
-0.293560,-0.112892,0.238336
-0.306070,-0.114834,0.190698
-0.307463,-0.134972,0.222335
-0.290664,-0.152768,0.288631
-0.305070,-0.171929,0.276709
-0.251780,-0.121648,0.308474
-0.275104,-0.114881,0.277426
-0.272908,-0.135717,0.299262
-0.254711,-0.073274,0.266632
-0.277057,-0.067349,0.226394
-0.276134,-0.091146,0.253184
-0.265406,-0.019631,0.210923
-0.280346,-0.026713,0.167498
-0.292236,-0.070686,0.177342
-0.278934,-0.046328,0.196913
-0.271564,0.015190,0.161687
-0.278112,0.012746,0.118393
-0.287817,-0.028889,0.114399
-0.279876,-0.007135,0.140904
-0.289535,-0.026993,0.052251
-0.300261,-0.072157,0.052642
-0.299518,-0.072486,0.119905
-0.294649,-0.050126,0.083044
-0.312195,-0.116876,0.134926
-0.303373,-0.094030,0.156172
-0.273453,0.092318,0.072211
-0.277303,0.055116,0.050911
-0.273314,0.054026,0.088491
-0.265313,0.094076,0.102971
-0.271967,0.074577,0.079262
-0.281983,0.054907,0.016758
-0.281191,0.026654,-0.015401
-0.281677,0.019470,0.024535
-0.280543,0.038802,0.018983
-0.285094,-0.014944,-0.006984
-0.281146,0.014330,0.070564
-0.284942,-0.003128,0.034186
-0.269296,0.052703,0.125922
-0.275643,0.033275,0.101228
-0.253725,0.025419,-0.143714
-0.260178,0.008218,-0.126073
-0.273308,0.017472,-0.085919
-0.271808,0.028771,-0.108476
-0.264938,0.019531,-0.117536
-0.241083,0.004952,-0.166566
-0.255275,-0.020641,-0.144769
-0.269910,-0.012574,-0.096229
-0.257099,-0.005172,-0.134884
-0.281953,-0.039184,-0.055251
-0.278164,0.003097,-0.052363
-0.279662,-0.016962,-0.052026
-0.281726,0.033209,-0.047870
-0.278753,0.019695,-0.051121
-0.268387,-0.091428,-0.141613
-0.253194,-0.057177,-0.169094
-0.231055,-0.063254,-0.215873
-0.251120,-0.076944,-0.181405
-0.295751,-0.124269,-0.053208
-0.284364,-0.085233,-0.083097
-0.283163,-0.107079,-0.098284
-0.294996,-0.076653,-0.017920
-0.270319,-0.050375,-0.114734
-0.283740,-0.062271,-0.067180
-0.235204,-0.025321,-0.191372
-0.254276,-0.038193,-0.156527
-0.322009,-0.162215,0.096418
-0.315260,-0.163526,0.035984
-0.322142,-0.183892,0.078426
-0.312388,-0.118289,0.073397
-0.318550,-0.139741,0.115130
-0.306827,-0.120656,0.009565
-0.304541,-0.096293,0.028993
-0.306456,-0.143368,-0.008173
-0.188582,0.138569,-0.138541
-0.226119,0.117814,-0.141389
-0.255574,0.135288,-0.130955
-0.217373,0.154724,-0.124090
-0.220866,0.136587,-0.133102
-0.204613,0.099484,-0.157364
-0.240845,0.081921,-0.151460
-0.263327,0.099224,-0.141370
-0.232866,0.099295,-0.147870
-0.297026,0.083513,-0.136035
-0.325481,0.100431,-0.133088
-0.292542,0.116807,-0.134835
-0.294648,0.099520,-0.136798
-0.325246,0.134454,-0.130886
-0.290124,0.152128,-0.124894
-0.290953,0.134601,-0.130687
-0.227542,0.064802,-0.163484
-0.259004,0.053792,-0.146133
-0.274066,0.067995,-0.140735
-0.249792,0.066580,-0.151076
-0.252453,0.040110,-0.148870
-0.275418,0.037953,-0.120227
-0.285063,0.047265,-0.123932
-0.267780,0.044077,-0.136046
-0.305092,0.046367,-0.096801
-0.322843,0.054023,-0.102690
-0.301695,0.058296,-0.124359
-0.303638,0.050354,-0.112742
-0.324959,0.071790,-0.124433
-0.299433,0.069560,-0.132006
-0.345978,0.065419,-0.107330
-0.372758,0.079990,-0.110415
-0.352714,0.087665,-0.124801
-0.349713,0.075196,-0.117561
-0.338315,0.056417,-0.077415
-0.360036,0.065003,-0.086074
-0.342011,0.058953,-0.093988
-0.368771,0.070096,-0.063988
-0.387862,0.079646,-0.068571
-0.384598,0.077736,-0.090783
-0.375813,0.072034,-0.078380
-0.409970,0.094576,-0.091407
-0.400235,0.097438,-0.111451
-0.393156,0.086380,-0.102022
-0.355606,0.118136,-0.130883
-0.384319,0.135842,-0.128182
-0.358368,0.151441,-0.127144
-0.356701,0.134775,-0.130138
-0.381044,0.105352,-0.124478
-0.354477,0.102205,-0.129173
-0.424506,0.117797,-0.110438
-0.406706,0.124210,-0.122881
-0.404585,0.110380,-0.118425
-0.425671,0.142701,-0.120001
-0.408843,0.151464,-0.124104
-0.407099,0.137931,-0.124756
-0.285198,0.037980,-0.071465
-0.292722,0.041765,-0.087092
-0.281217,0.035940,-0.098091
-0.287788,0.053981,-0.012049
-0.295442,0.052785,-0.034951
-0.287381,0.044013,-0.042176
-0.304668,0.071954,-0.001739
-0.317665,0.066942,-0.019563
-0.306046,0.051729,-0.052440
-0.305629,0.060202,-0.027110
-0.320252,0.052285,-0.066082
-0.305881,0.046972,-0.076186
-0.283621,0.084921,0.043640
-0.293613,0.078169,0.019154
-0.286440,0.067826,0.017090
-0.275730,0.125586,0.080073
-0.289058,0.113525,0.061259
-0.279619,0.104640,0.066006
-0.299783,0.139122,0.067788
-0.313394,0.127076,0.056808
-0.301636,0.103156,0.042798
-0.300363,0.120956,0.058582
-0.314911,0.093571,0.025188
-0.303204,0.086547,0.022128
-0.327706,0.115499,0.043364
-0.343585,0.106108,0.028313
-0.329769,0.085704,0.008291
-0.328435,0.099851,0.027512
-0.329788,0.148807,0.060658
-0.343371,0.136295,0.051918
-0.328012,0.132026,0.054771
-0.360666,0.153802,0.051313
-0.373714,0.146260,0.042233
-0.359110,0.126848,0.039343
-0.358624,0.140375,0.047698
-0.377992,0.121428,0.022203
-0.361483,0.099939,0.010791
-0.360168,0.113060,0.026805
-0.333097,0.064387,-0.035621
-0.350671,0.065289,-0.050893
-0.335394,0.058431,-0.057489
-0.346336,0.080733,-0.009049
-0.331272,0.073681,-0.013224
-0.380379,0.097025,-0.011016
-0.364036,0.079126,-0.027776
-0.362743,0.088410,-0.007995
-0.380022,0.080289,-0.047227
-0.365445,0.072741,-0.046780
-0.380323,0.164054,0.043087
-0.403114,0.167753,0.027082
-0.393573,0.144667,0.026221
-0.388587,0.155944,0.035646
-0.403738,0.188435,0.026008
-0.429482,0.191545,0.002148
-0.426763,0.168993,0.003027
-0.417168,0.180015,0.015685
-0.447198,0.168581,-0.026617
-0.435268,0.142757,-0.027555
-0.415531,0.143799,0.002195
-0.432728,0.156272,-0.011531
-0.398655,0.118936,-0.001499
-0.396866,0.131929,0.013719
-0.423263,0.208699,-0.001396
-0.444123,0.208802,-0.027675
-0.450366,0.191423,-0.026791
-0.438793,0.201160,-0.012831
-0.430904,0.219538,-0.029780
-0.438376,0.218829,-0.050091
-0.454796,0.207746,-0.054741
-0.444497,0.214417,-0.040805
-0.451752,0.206053,-0.078688
-0.463259,0.188299,-0.083928
-0.462833,0.190166,-0.057003
-0.461305,0.198946,-0.069607
-0.460440,0.167249,-0.058075
-0.457681,0.179962,-0.042224
-0.462530,0.165554,-0.085878
-0.451545,0.140404,-0.087402
-0.448600,0.141441,-0.059267
-0.458340,0.153756,-0.073291
-0.449151,0.184608,-0.103533
-0.452073,0.163521,-0.106328
-0.459893,0.176087,-0.096227
-0.431913,0.160430,-0.118114
-0.442891,0.140499,-0.108199
-0.440664,0.151812,-0.114056
-0.433161,0.115819,-0.089625
-0.440213,0.128112,-0.099941
-0.417648,0.117753,-0.030741
-0.397932,0.096243,-0.037254
-0.399130,0.106891,-0.019070
-0.430360,0.116539,-0.061644
-0.434587,0.129355,-0.044612
-0.408964,0.095250,-0.065329
-0.422263,0.104788,-0.077595
-0.394706,0.087438,-0.054308
-0.000000,-0.184150,-0.316935
-0.021941,-0.190784,-0.323061
-0.043951,-0.185553,-0.314637
-0.022603,-0.175996,-0.312807
-0.022124,-0.184448,-0.316434
-0.000000,-0.194998,-0.332822
-0.022297,-0.198318,-0.343605
-0.043695,-0.196468,-0.330334
-0.022013,-0.195306,-0.332261
-0.065474,-0.201839,-0.337777
-0.084738,-0.202289,-0.321400
-0.064576,-0.194096,-0.317819
-0.064713,-0.198717,-0.326795
-0.085534,-0.191030,-0.305982
-0.066669,-0.179159,-0.307491
-0.065187,-0.187677,-0.311251
-0.000000,-0.199802,-0.357356
-0.023331,-0.201017,-0.371008
-0.045121,-0.201350,-0.354396
-0.022750,-0.200121,-0.356663
-0.000000,-0.200980,-0.387078
-0.024704,-0.201298,-0.401842
-0.047557,-0.202612,-0.383477
-0.023996,-0.201308,-0.386211
-0.072252,-0.205335,-0.393739
-0.091628,-0.209423,-0.371886
-0.068365,-0.204786,-0.364153
-0.070246,-0.205210,-0.378746
-0.087204,-0.207631,-0.344376
-0.066732,-0.203762,-0.350363
-0.108513,-0.214689,-0.349156
-0.123211,-0.220832,-0.325778
-0.104398,-0.210904,-0.324377
-0.106157,-0.213230,-0.336244
-0.114220,-0.216160,-0.376724
-0.128727,-0.223968,-0.351255
-0.111267,-0.215569,-0.362766
-0.146887,-0.236524,-0.349986
-0.140519,-0.233090,-0.324731
-0.143572,-0.234940,-0.337222
-0.136237,-0.227533,-0.301664
-0.137987,-0.230710,-0.312787
-0.103469,-0.202489,-0.305175
-0.122380,-0.202264,-0.288623
-0.107318,-0.187129,-0.294339
-0.104697,-0.195822,-0.298537
-0.120477,-0.214343,-0.304064
-0.103436,-0.207419,-0.313905
-0.136126,-0.217727,-0.282969
-0.135530,-0.223294,-0.291633
-0.142272,-0.201548,-0.270836
-0.138287,-0.210567,-0.275946
-0.000000,-0.054462,-0.331019
-0.029598,-0.078162,-0.329447
-0.061025,-0.056736,-0.325512
-0.031441,-0.030101,-0.326560
-0.030650,-0.054975,-0.329652
-0.000000,-0.099201,-0.327881
-0.027053,-0.119055,-0.322993
-0.056461,-0.100850,-0.323730
-0.028370,-0.099557,-0.326907
-0.080048,-0.122461,-0.315176
-0.110692,-0.107147,-0.309738
-0.087680,-0.082428,-0.319534
-0.083995,-0.103305,-0.318093
-0.119849,-0.064879,-0.308763
-0.093253,-0.036048,-0.314240
-0.090849,-0.059964,-0.318562
-0.000000,-0.136259,-0.319364
-0.024493,-0.151944,-0.314884
-0.051187,-0.137647,-0.316229
-0.025732,-0.136552,-0.318665
-0.000000,-0.164840,-0.313153
-0.046563,-0.166193,-0.310651
-0.023421,-0.165127,-0.312611
-0.090898,-0.171485,-0.301144
-0.072373,-0.155065,-0.308662
-0.069148,-0.168244,-0.306940
-0.100163,-0.143103,-0.304797
-0.076090,-0.139759,-0.311720
-0.116937,-0.162983,-0.293471
-0.144705,-0.154324,-0.282308
-0.129709,-0.131039,-0.297049
-0.123130,-0.147894,-0.295123
-0.130773,-0.182360,-0.281964
-0.111532,-0.176122,-0.292930
-0.155965,-0.177349,-0.266509
-0.148343,-0.190406,-0.267913
-0.173727,-0.146332,-0.265595
-0.164604,-0.162587,-0.265959
-0.142421,-0.092760,-0.298364
-0.174150,-0.080339,-0.279731
-0.151856,-0.049607,-0.290708
-0.147749,-0.071701,-0.296077
-0.160417,-0.119777,-0.283586
-0.136274,-0.112600,-0.298408
-0.191285,-0.110177,-0.262758
-0.182798,-0.128792,-0.264751
-0.204364,-0.070566,-0.252663
-0.198651,-0.090699,-0.258952
0.000000,0.009361,0.275364
-0.033173,0.042402,0.261011
-0.067564,0.008872,0.274087
-0.034547,-0.021457,0.289646
-0.033937,0.009265,0.275099
0.000000,0.077150,0.247481
-0.031288,0.111669,0.233394
-0.064168,0.076158,0.246176
-0.032281,0.076892,0.247177
-0.092178,0.109249,0.230748
-0.125190,0.073420,0.241711
-0.098112,0.040908,0.258089
-0.095269,0.074987,0.244384
-0.132642,0.006781,0.268956
-0.102504,-0.022434,0.286702
-0.100569,0.008079,0.272112
0.000000,0.146107,0.219786
-0.029110,0.177830,0.205158
-0.060021,0.144472,0.218493
-0.030222,0.145670,0.219455
0.000000,0.207687,0.190643
-0.026858,0.232374,0.174667
-0.055590,0.205397,0.189382
-0.027979,0.207086,0.190296
-0.079261,0.227459,0.172579
-0.108229,0.199206,0.186359
-0.085719,0.174122,0.202751
-0.082463,0.202732,0.188028
-0.116665,0.140250,0.214798
-0.088976,0.142627,0.216931
-0.137500,0.167658,0.198570
-0.166440,0.134471,0.208823
-0.148011,0.105130,0.225261
-0.142664,0.137454,0.212126
-0.127728,0.218462,0.169835
-0.154902,0.190043,0.182296
-0.132520,0.194931,0.184503
-0.169242,0.206347,0.166129
-0.192203,0.178964,0.176181
-0.180979,0.159556,0.192504
-0.174941,0.184675,0.179577
-0.205181,0.128866,0.199957
-0.194476,0.101143,0.216343
-0.187458,0.131531,0.204797
-0.158830,0.037697,0.250968
-0.192541,0.002669,0.257648
-0.167050,-0.025824,0.278804
-0.163472,0.004876,0.264404
-0.179467,0.069805,0.233239
-0.153538,0.071496,0.238065
-0.220689,0.069472,0.219221
-0.210421,0.035257,0.237366
-0.202133,0.068934,0.227026
-0.240721,0.001931,0.234125
-0.226313,-0.033028,0.260817
-0.219331,0.000466,0.247879
0.000000,-0.170187,0.383633
-0.035860,-0.152105,0.374299
-0.071476,-0.170056,0.383043
-0.036427,-0.188505,0.390157
-0.036086,-0.170105,0.383553
0.000000,-0.134034,0.362985
-0.035584,-0.115086,0.349738
-0.070887,-0.134007,0.362314
-0.035707,-0.133950,0.362870
-0.105008,-0.115786,0.347835
-0.137560,-0.135783,0.359038
-0.105104,-0.152478,0.372587
-0.105013,-0.134515,0.361107
-0.137389,-0.170844,0.379651
-0.106322,-0.188356,0.388396
-0.105476,-0.170237,0.381832
0.000000,-0.095027,0.335540
-0.035260,-0.073015,0.320258
-0.070535,-0.095083,0.334672
-0.035450,-0.094959,0.335376
0.000000,-0.048713,0.305074
-0.069661,-0.048900,0.303953
-0.034973,-0.048699,0.304857
-0.137035,-0.050935,0.299078
-0.104527,-0.073824,0.317797
-0.103777,-0.049564,0.302111
-0.138154,-0.097219,0.330802
-0.104891,-0.095727,0.333218
-0.170031,-0.077817,0.311001
-0.199821,-0.104403,0.322357
-0.169194,-0.119860,0.342442
-0.169959,-0.099888,0.327213
-0.199838,-0.057048,0.287959
-0.169149,-0.053259,0.294601
-0.228561,-0.088935,0.297833
-0.228818,-0.062814,0.278430
-0.224920,-0.131001,0.332692
-0.227256,-0.111433,0.316142
-0.166924,-0.155312,0.367265
-0.192328,-0.174215,0.371862
-0.167343,-0.189050,0.382477
-0.166522,-0.172075,0.376229
-0.196085,-0.142108,0.351790
-0.167998,-0.138120,0.355898
-0.217819,-0.163739,0.358282
-0.221574,-0.148329,0.346819
-0.213382,-0.190992,0.372301
-0.214259,-0.177553,0.366843
-0.000000,-0.443396,-0.032377
-0.020566,-0.436092,-0.027358
-0.039956,-0.442801,-0.039886
-0.019646,-0.450853,-0.041084
-0.020105,-0.443354,-0.034323
-0.000000,-0.429618,-0.018146
-0.021506,-0.423224,-0.012003
-0.041785,-0.428070,-0.025249
-0.021032,-0.429303,-0.019985
-0.063444,-0.418798,-0.025208
-0.081333,-0.421707,-0.045021
-0.060608,-0.433221,-0.041465
-0.061978,-0.425633,-0.033679
-0.077885,-0.438457,-0.060773
-0.058025,-0.449651,-0.055893
-0.059301,-0.441311,-0.048793
-0.000000,-0.418628,-0.001496
-0.022484,-0.414144,0.006608
-0.043745,-0.416275,-0.008069
-0.021989,-0.418092,-0.003206
0.000000,-0.412284,0.019182
-0.023520,-0.410745,0.030104
-0.045855,-0.409430,0.013350
-0.022994,-0.411616,0.017644
-0.070196,-0.404568,0.020131
-0.090650,-0.399774,-0.002234
-0.066719,-0.408446,-0.005290
-0.068451,-0.405544,0.006617
-0.085632,-0.407958,-0.026197
-0.065037,-0.412966,-0.015821
-0.108753,-0.395496,-0.026806
-0.123408,-0.392119,-0.054086
-0.102164,-0.408048,-0.049566
-0.105297,-0.401039,-0.038931
-0.115776,-0.390888,0.003138
-0.133192,-0.381666,-0.025495
-0.112318,-0.391939,-0.012885
-0.160345,-0.366950,-0.018986
-0.145343,-0.374050,-0.057512
-0.153007,-0.368583,-0.040222
-0.134734,-0.389315,-0.083682
-0.139341,-0.381109,-0.071724
-0.097378,-0.424671,-0.067580
-0.111761,-0.426950,-0.092855
-0.093670,-0.443188,-0.083226
-0.095457,-0.433812,-0.075551
-0.116329,-0.408264,-0.075477
-0.099569,-0.416005,-0.059017
-0.128618,-0.407658,-0.103669
-0.131254,-0.398223,-0.094211
-0.124756,-0.427405,-0.120798
-0.126546,-0.417444,-0.112412
0.000000,-0.412443,0.045501
-0.024648,-0.414148,0.059772
-0.048061,-0.409607,0.040707
-0.024066,-0.411768,0.044193
0.000000,-0.417920,0.077735
-0.025991,-0.420838,0.094851
-0.050464,-0.415569,0.074162
-0.025284,-0.417351,0.076704
-0.077311,-0.416648,0.089982
-0.100088,-0.408071,0.066767
-0.073647,-0.408681,0.052412
-0.075433,-0.412500,0.070665
-0.095556,-0.400288,0.028957
-0.071915,-0.405825,0.035482
0.000000,-0.424481,0.114825
-0.027688,-0.426527,0.134242
-0.053314,-0.422774,0.112335
-0.026787,-0.424076,0.114076
0.000000,-0.427893,0.155707
-0.029875,-0.426925,0.176843
-0.056951,-0.426775,0.153995
-0.028711,-0.427655,0.155210
-0.087419,-0.424760,0.174234
-0.110128,-0.422420,0.150523
-0.081590,-0.423482,0.130928
-0.084247,-0.425086,0.152341
-0.104549,-0.417133,0.107893
-0.079321,-0.420489,0.110106
-0.131076,-0.416393,0.127537
-0.151954,-0.407101,0.106022
-0.126641,-0.407740,0.084724
-0.128737,-0.412619,0.106201
-0.138348,-0.418821,0.170134
-0.155884,-0.413939,0.147853
-0.134124,-0.418611,0.148819
-0.177777,-0.409576,0.165984
-0.174670,-0.405575,0.129309
-0.175061,-0.408690,0.148246
-0.173381,-0.394435,0.085516
-0.174267,-0.400733,0.108351
-0.121754,-0.396942,0.041750
-0.142134,-0.383309,0.014034
-0.118914,-0.392862,0.021569
-0.148139,-0.395103,0.060669
-0.124322,-0.402208,0.063021
-0.168838,-0.379023,0.034762
-0.171541,-0.386951,0.060950
-0.165364,-0.371393,0.007062
0.000000,-0.423923,0.199322
-0.032608,-0.418405,0.221368
-0.061802,-0.423218,0.198061
-0.031195,-0.423800,0.199004
0.000000,-0.410941,0.243826
-0.035447,-0.401303,0.265405
-0.067510,-0.410434,0.242754
-0.034047,-0.410865,0.243609
-0.104069,-0.399985,0.262788
-0.130350,-0.407707,0.238298
-0.095445,-0.416816,0.218866
-0.099805,-0.409449,0.241053
-0.118900,-0.419818,0.194334
-0.091233,-0.421962,0.196501
0.000000,-0.389919,0.286596
-0.037870,-0.376616,0.306357
-0.072926,-0.389448,0.285603
-0.036743,-0.389846,0.286429
0.000000,-0.361830,0.325011
-0.039353,-0.345340,0.341627
-0.076965,-0.361304,0.324080
-0.038761,-0.361739,0.324865
-0.115824,-0.343901,0.339157
-0.149467,-0.358735,0.319207
-0.111379,-0.375289,0.303746
-0.114053,-0.360357,0.322309
-0.141372,-0.386971,0.280682
-0.107989,-0.388548,0.283795
-0.178198,-0.371280,0.295779
-0.200871,-0.381114,0.269173
-0.165875,-0.395848,0.255307
-0.172514,-0.384539,0.275939
-0.185589,-0.339713,0.331478
-0.213041,-0.352803,0.307618
-0.182649,-0.356272,0.314425
-0.244176,-0.331470,0.315850
-0.233881,-0.363272,0.279642
-0.240086,-0.348163,0.298438
-0.216474,-0.387792,0.240001
-0.225899,-0.376560,0.259987
-0.151146,-0.411942,0.212994
-0.166519,-0.412464,0.187980
-0.144215,-0.416572,0.191569
-0.183926,-0.401350,0.228442
-0.158559,-0.405008,0.234283
-0.195204,-0.403378,0.201148
-0.205943,-0.396731,0.220211
-0.185153,-0.407732,0.183345
0.000000,-0.327644,0.356446
-0.039505,-0.308641,0.368811
-0.078601,-0.327073,0.355603
-0.039579,-0.327542,0.356320
0.000000,-0.289028,0.379069
-0.038719,-0.268700,0.386662
-0.077821,-0.288478,0.378339
-0.039197,-0.288929,0.378969
-0.113760,-0.267430,0.384653
-0.151063,-0.285914,0.374174
-0.116274,-0.307174,0.366571
-0.115301,-0.287524,0.376851
-0.152739,-0.324369,0.351049
-0.116507,-0.326070,0.353959
0.000000,-0.248340,0.391836
-0.037519,-0.227871,0.394128
-0.075629,-0.247898,0.391201
-0.038138,-0.248250,0.391759
0.000000,-0.207940,0.393705
-0.073118,-0.207662,0.393119
-0.036926,-0.207858,0.393638
-0.140359,-0.207123,0.389463
-0.109764,-0.227103,0.392271
-0.107841,-0.207400,0.391833
-0.146080,-0.246080,0.387337
-0.111825,-0.247202,0.389836
-0.173631,-0.225399,0.385965
-0.206412,-0.241890,0.377784
-0.181606,-0.263869,0.378022
-0.177746,-0.244450,0.383379
-0.195928,-0.206365,0.380648
-0.169938,-0.206879,0.385693
-0.224612,-0.220808,0.373687
-0.217676,-0.205279,0.374455
-0.237932,-0.256313,0.364453
-0.231666,-0.237978,0.370376
-0.186317,-0.302935,0.359428
-0.217952,-0.318213,0.340083
-0.186740,-0.321805,0.346536
-0.215190,-0.280042,0.363971
-0.184534,-0.283493,0.369981
-0.245197,-0.294548,0.344747
-0.242506,-0.275340,0.355845
-0.245817,-0.313428,0.331351
-0.063515,-0.006239,-0.313934
-0.031861,0.024053,-0.308343
-0.000000,-0.002838,-0.321092
-0.031885,-0.003642,-0.319210
-0.124997,-0.017561,-0.294670
-0.095206,0.015701,-0.293198
-0.094637,-0.010816,-0.305631
-0.127240,0.034149,-0.265057
-0.092371,0.072387,-0.259880
-0.062853,0.049193,-0.287938
-0.095162,0.043473,-0.277406
-0.029930,0.081764,-0.279004
-0.000000,0.053792,-0.297128
-0.031250,0.052638,-0.294694
-0.210307,-0.029930,-0.231435
-0.182144,-0.037630,-0.264674
-0.207890,-0.049989,-0.243227
-0.216139,0.004780,-0.203956
-0.186947,0.003715,-0.238094
-0.212697,-0.011353,-0.218081
-0.163519,0.039269,-0.234749
-0.156128,-0.003336,-0.268654
-0.158148,0.019889,-0.252853
-0.154339,-0.026660,-0.281419
-0.224195,0.047026,-0.173563
-0.229543,0.027311,-0.175893
-0.239749,0.034683,-0.162193
-0.193093,0.079754,-0.177337
-0.191118,0.057831,-0.195674
-0.208248,0.062149,-0.178414
-0.152719,0.072673,-0.216203
-0.199602,0.032778,-0.205703
-0.175359,0.051061,-0.215071
-0.221714,0.017505,-0.189854
-0.154710,0.161096,-0.136180
-0.135451,0.144724,-0.162043
-0.168960,0.120424,-0.160818
-0.160476,0.141306,-0.148686
-0.105594,0.171003,-0.161401
-0.090248,0.153299,-0.192414
-0.122349,0.124186,-0.192864
-0.112407,0.148746,-0.177117
-0.111949,0.098237,-0.226492
-0.157330,0.099138,-0.187819
-0.135417,0.097938,-0.207347
-0.179915,0.099543,-0.170920
-0.000000,0.167813,-0.228917
-0.025227,0.139621,-0.244158
-0.045339,0.162947,-0.217996
-0.020612,0.190413,-0.207644
-0.022696,0.166390,-0.225887
-0.000000,0.112468,-0.264866
-0.055900,0.107514,-0.254215
-0.027780,0.111085,-0.262011
-0.075438,0.131553,-0.224449
-0.084700,0.102330,-0.242245
-0.062343,0.182093,-0.188778
-0.067874,0.158308,-0.206439
-0.243286,0.042141,0.213825
-0.260403,0.023811,0.194931
-0.253590,0.010727,0.215410
-0.226317,0.100228,0.203006
-0.243502,0.076253,0.198773
-0.234291,0.072007,0.209617
-0.242504,0.102088,0.185706
-0.250927,0.090702,0.176003
-0.256060,0.060719,0.184170
-0.248886,0.081921,0.187248
-0.264169,0.053986,0.158838
-0.263622,0.038141,0.175880
-0.200399,0.192203,0.159417
-0.217740,0.166446,0.166794
-0.212434,0.151096,0.183700